player,matches,innings,runs,balls_faced,strike_rate,average,fours,sixes
A Bosch,5,5,37,49,75.51,7.4,7,0
A Brindle,5,5,108,144,75.0,21.6,12,0
A Capsey,6,6,127,188,67.55,21.17,16,0
A Chopra,1,1,0,8,0.0,0.0,0,0
A Dercksen,4,4,22,62,35.48,5.5,2,0
A Gardner,13,13,413,318,129.87,31.77,49,8
A Hartley,2,2,3,7,42.86,1.5,0,0
A Khaka,8,8,23,42,54.76,2.88,2,0
A King,3,3,59,63,93.65,19.67,3,3
A Mohammed,11,11,123,234,52.56,11.18,16,0
A Sharma,4,4,46,37,124.32,11.5,5,1
A Shrubsole,10,10,51,60,85.0,5.1,5,1
A Sutherland,7,7,167,196,85.2,23.86,15,2
A Wellington,1,1,1,3,33.33,1.0,0,0
AA Alleyne,6,6,30,76,39.47,5.0,2,0
AA Deshpande,1,1,34,69,49.28,34.0,4,1
AB Kaur,5,5,127,156,81.41,25.4,12,1
AC Jayangani,15,15,596,702,84.9,39.73,73,12
AC Kerr,14,14,371,474,78.27,26.5,42,0
AE Jones,17,17,422,549,76.87,24.82,47,2
AE Satterthwaite,13,13,576,770,74.81,44.31,68,0
AJ Blackwell,7,7,215,200,107.5,30.71,23,3
AJ Healy,17,17,928,797,116.44,54.59,132,4
AK Peters,3,3,5,17,29.41,1.67,0,0
AM Peterson,1,1,8,15,53.33,8.0,0,0
ASS Fletcher,8,8,100,123,81.3,12.5,10,0
Aiman Anwer,1,1,0,2,0.0,0.0,0,0
Aliya Riaz,10,10,126,285,44.21,12.6,10,0
Anam Amin,2,2,16,33,48.48,8.0,1,0
Asmavia Iqbal,5,5,95,151,62.91,19.0,8,0
Ayesha Zafar,7,7,120,191,62.83,17.14,15,0
BG Illing,2,2,2,8,25.0,1.0,0,0
BL Mooney,22,22,795,891,89.23,36.14,82,1
BM Halliday,9,9,294,363,80.99,32.67,27,3
BMSM Kumari,3,3,16,32,50.0,5.33,0,0
BYA Mendis,3,3,113,191,59.16,37.67,14,0
Bismah Maroof,8,8,216,342,63.16,27.0,14,0
CA Henry,6,6,27,41,65.85,4.5,4,0
CE Dean,9,9,155,220,70.45,17.22,13,0
CL Tryon,17,17,402,389,103.34,23.65,31,12
CM Edwards,5,5,301,365,82.47,60.2,44,0
CMG Atkins,1,1,73,125,58.4,73.0,9,0
CN Nation,14,14,314,591,53.13,22.43,28,2
CR Seneviratna,3,3,34,57,59.65,11.33,4,0
D Brown,1,1,1,1,100.0,1.0,0,0
D Hazell,2,2,25,18,138.89,12.5,3,0
D Vihanga,1,1,4,16,25.0,4.0,0,0
D van Niekerk,5,5,104,141,73.76,20.8,11,2
DB Sharma,18,18,440,645,68.22,24.44,36,0
DJS Dottin,17,17,489,503,97.22,28.76,64,12
DN Wyatt,20,20,480,514,93.39,24.0,56,3
Diana Baig,13,13,121,166,72.89,9.31,11,0
E Bisht,4,4,23,33,69.7,5.75,2,0
EA Osborne,2,2,8,22,36.36,4.0,0,0
EA Perry,20,20,730,912,80.04,36.5,61,6
EJ Carson,4,4,10,8,125.0,2.5,1,0
EJ Villani,5,5,150,131,114.5,30.0,19,4
EL Arlott,1,1,18,23,78.26,18.0,2,0
EL Lamb,5,5,36,50,72.0,7.2,4,0
EM Bermingham,2,2,60,70,85.71,30.0,5,1
Eyman Fatima,1,1,0,3,0.0,0.0,0,0
F Walters,2,2,18,48,37.5,9.0,1,0
FC Wilson,6,6,164,155,105.81,27.33,15,0
FL Mackay,7,7,69,105,65.71,9.86,6,0
Fahima Khatun,7,7,55,133,41.35,7.86,2,0
Fargana Hoque,11,11,245,494,49.6,22.27,13,0
Fariha Trisna,3,3,7,15,46.67,2.33,0,0
Fatima Sana,11,11,86,153,56.21,7.82,8,0
G Sultana,3,3,26,57,45.61,8.67,3,0
G Voll,2,2,46,46,100.0,23.0,8,0
G Wareham,1,1,0,4,0.0,0.0,0,0
GE Plimmer,4,4,123,172,71.51,30.75,16,1
GWHM Perera,11,11,273,370,73.78,24.82,37,1
Ghulam Fatima,2,2,5,8,62.5,2.5,0,0
H Deol,5,5,176,232,75.86,35.2,19,2
H Kaur,25,25,1025,1074,95.44,41.0,93,19
H Madavi,7,7,112,171,65.5,16.0,10,0
HASD Siriwardene,10,10,272,438,62.1,27.2,32,0
HC Knight,30,30,951,1188,80.05,31.7,94,9
HHC Gunaratne,1,1,1,1,100.0,1.0,0,0
HK Matthews,14,14,439,585,75.04,31.36,52,4
HL Colvin,3,3,29,25,116.0,9.67,5,0
HL Ferling,1,1,4,7,57.14,4.0,1,0
HM Rowe,7,7,21,36,58.33,3.0,2,0
HMD Rasangika,3,3,146,202,72.28,48.67,19,0
HNK Jensen,2,2,1,8,12.5,0.5,0,0
HR Huddleston,2,2,1,14,7.14,0.5,0,0
I Ranaweera,8,8,23,53,43.4,2.88,1,0
IC Gaze,5,5,133,116,114.66,26.6,20,1
Iram Javed,5,5,60,111,54.05,12.0,9,1
J Goswami,14,14,197,254,77.56,14.07,22,2
JE Cameron,3,3,100,117,85.47,33.33,10,2
JI Rodrigues,5,5,144,118,122.03,28.8,21,0
JL Gunn,12,12,214,268,79.85,17.83,12,4
JL Hunter,1,1,16,35,45.71,16.0,1,0
JL Jonassen,4,4,22,26,84.62,5.5,2,0
JM Fields,2,2,40,53,75.47,20.0,4,0
JM Kerr,11,11,89,87,102.3,8.09,9,2
Jahanara Alam,5,5,34,39,87.18,6.8,3,0
Javeria Khan,7,7,143,225,63.56,20.43,19,0
K Goud,3,3,10,8,125.0,3.33,2,0
K Meso,1,1,0,3,0.0,0.0,0,0
K Ramharack,3,3,24,48,50.0,8.0,0,0
KADA Kanchana,5,5,90,97,92.78,18.0,7,1
KDU Prabodhani,7,7,51,148,34.46,7.29,6,0
KE Broadmore,1,1,8,25,32.0,8.0,1,0
KH Brunt,19,19,290,327,88.69,15.26,21,3
KJ Garth,3,3,71,102,69.61,23.67,6,0
KJ Martin,10,10,204,240,85.0,20.4,20,0
KL Cross,4,4,40,49,81.63,10.0,3,0
KM Beams,2,2,11,19,57.89,5.5,0,0
KT Perkins,6,6,144,198,72.73,24.0,7,2
KV Jain,2,2,66,116,56.9,33.0,6,0
Kainat Imtiaz,3,3,32,55,58.18,10.67,4,0
Kycia A Knight,13,13,123,242,50.83,9.46,16,0
Kyshona A Knight,8,8,154,314,49.04,19.25,18,0
L Goodall,4,4,116,194,59.79,29.0,10,0
L Lee,14,14,371,402,92.29,26.5,43,12
L Winfield,7,7,141,197,71.57,20.14,19,0
L Winfield-Hill,2,2,16,35,45.71,8.0,0,0
L Wolvaardt,23,23,1292,1554,83.14,56.17,148,6
LA Marsh,8,8,119,160,74.38,14.88,15,0
LC Sthalekar,2,2,66,83,79.52,33.0,6,0
LCN Smith,5,5,41,48,85.42,8.2,4,0
LE Kaushalya,8,8,172,190,90.53,21.5,16,6
LK Bell,3,3,12,15,80.0,4.0,2,0
LM Kasperek,2,2,3,8,37.5,1.5,0,0
LMM Tahuhu,13,13,88,119,73.95,6.77,7,2
LR Doolan,2,2,9,13,69.23,4.5,1,0
LS Greenway,5,5,142,238,59.66,28.4,20,0
Lata Mondal,4,4,100,167,59.88,25.0,7,0
M Daniels,3,3,10,18,55.56,3.33,1,0
M Joshi,2,2,6,10,60.0,3.0,0,0
M Kapp,20,20,465,484,96.07,23.25,45,7
M Klaas,7,7,37,77,48.05,5.29,1,0
M Madara,1,1,10,43,23.26,10.0,1,0
M Raj,20,20,706,1019,69.28,35.3,65,2
M du Preez,14,14,399,497,80.28,28.5,31,0
MAA Sanjeewani,5,5,26,45,57.78,5.2,2,0
MADD Surangika,9,9,247,367,67.3,27.44,24,1
MDN Hansika,6,6,102,192,53.12,17.0,11,0
MDT Kamini,4,4,155,228,67.98,38.75,15,1
MJG Nielsen,2,2,17,28,60.71,8.5,2,0
ML Green,12,12,242,350,69.14,20.17,20,1
ML Schutt,3,3,15,34,44.12,5.0,2,0
MM Lanning,18,18,838,915,91.58,46.56,98,6
MR Aguilleira,10,10,168,279,60.22,16.8,12,2
MR Meshram,2,2,25,68,36.76,12.5,2,0
Marina Iqbal,2,2,10,41,24.39,5.0,2,0
Marufa Akter,4,4,4,7,57.14,1.0,0,0
Meghna Singh,3,3,17,25,68.0,5.67,2,0
Muneeba Ali,9,9,146,228,64.04,16.22,16,1
Murshida Khatun,3,3,35,75,46.67,11.67,2,1
N Mlaba,3,3,4,13,30.77,1.33,0,0
N Niranjana,2,2,2,6,33.33,1.0,0,0
N Shangase,1,1,0,1,0.0,0.0,0,0
N Shree Charani,3,3,1,8,12.5,0.33,0,0
N de Klerk,6,6,195,143,136.36,32.5,19,10
NE Bolton,8,8,370,460,80.43,46.25,46,0
NJ Browne,3,3,34,30,113.33,11.33,5,1
NND de Silva,5,5,174,154,112.99,34.8,16,4
NR Sciver,16,16,826,823,100.36,51.62,82,5
NR Sciver-Brunt,6,6,269,313,85.94,44.83,26,3
NY McLean,2,2,20,35,57.14,10.0,3,0
Nahida Akter,10,10,61,141,43.26,6.1,6,0
Nahida Khan,11,11,279,429,65.03,25.36,29,1
Nain Abidi,6,6,126,219,57.53,21.0,14,0
Nashra Sandhu,11,11,53,190,27.89,4.82,3,0
Natalia Pervaiz,5,5,75,113,66.37,15.0,9,0
Nida Dar,6,6,123,171,71.93,20.5,8,2
Nigar Sultana,14,14,334,582,57.39,23.86,22,0
Nishita Akter Nishi,4,4,12,20,60.0,3.0,1,0
OU Ranasinghe,3,3,60,106,56.6,20.0,5,0
P Litchfield,6,6,185,178,103.93,30.83,26,4
P Roy,1,1,6,32,18.75,6.0,0,0
P Vastrakar,7,7,161,160,100.63,23.0,13,2
PG Raut,12,12,491,713,68.86,40.92,44,3
PM Weerakkody,7,7,86,135,63.7,12.29,8,0
PRCS Kumarihami,3,3,95,218,43.58,31.67,6,0
PWDM Badalge,1,1,8,15,53.33,8.0,1,0
Poonam Yadav,3,3,7,16,43.75,2.33,0,0
Pratika Rawal,6,6,344,409,84.11,57.33,39,4
Q Joseph,1,1,0,3,0.0,0.0,0,0
R Boyce,1,1,4,18,22.22,4.0,0,0
R Dhar,1,1,7,22,31.82,7.0,0,0
R Malhotra,3,3,64,80,80.0,21.33,4,0
RA Mair,3,3,3,10,30.0,1.0,0,0
RH Candy,1,1,9,8,112.5,9.0,0,0
RH Priest,9,9,194,215,90.23,21.56,27,3
RL Haynes,14,14,692,835,82.87,49.43,75,3
RM Ghosh,13,13,268,278,96.4,20.62,26,8
RMVD Gunaratne,5,5,114,162,70.37,22.8,12,0
RS Gayakwad,3,3,1,5,20.0,0.33,0,0
RS Williams,2,2,8,27,29.63,4.0,1,0
Rabeya Khan,6,6,83,90,92.22,13.83,9,1
Rameen Shamim,4,4,56,116,48.28,14.0,4,0
Renuka Singh,1,1,0,1,0.0,0.0,0,0
Ritu Moni,11,11,117,195,60.0,10.64,9,1
Rubya Haider,7,7,158,265,59.62,22.57,19,0
Rumana Ahmed,7,7,64,126,50.79,9.14,7,0
S Ecclestone,12,12,130,134,97.01,10.83,11,1
S Glenn,1,1,3,3,100.0,3.0,0,0
S Ismail,10,10,91,109,83.49,9.1,11,0
S Jafta,6,6,76,104,73.08,12.67,13,0
S Luus,19,19,549,713,77.0,28.89,46,5
S Mandhana,23,23,967,1052,91.92,42.04,99,15
S Molineux,2,2,34,40,85.0,17.0,3,1
S Mostary,8,8,233,294,79.25,29.12,30,0
S Pandey,4,4,14,18,77.78,3.5,1,0
S Rana,12,12,218,204,106.86,18.17,21,1
S Sharma,1,1,4,10,40.0,4.0,0,0
S Verma,5,5,53,60,88.33,10.6,4,1
SA Campbelle,10,10,256,409,62.59,25.6,21,0
SC Selman,5,5,26,79,32.91,5.2,0,0
SC Taylor,1,1,70,66,106.06,70.0,9,1
SE Aley,1,1,15,8,187.5,15.0,2,0
SEA Ruck,2,2,7,12,58.33,3.5,0,0
SF Daley,8,8,129,209,61.72,16.12,13,2
SFM Devine,20,20,783,864,90.62,39.15,75,16
SIR Dunkley,14,14,391,482,81.12,27.93,30,1
SJ Coyte,2,2,52,94,55.32,26.0,7,0
SJ McGlashan,3,3,36,49,73.47,12.0,5,1
SJ Taylor,14,14,608,664,91.57,43.43,79,1
SK Dolawatte,2,2,12,23,52.17,6.0,1,0
SK Naidu,1,1,0,3,0.0,0.0,0,0
SL Quintyne,2,2,22,39,56.41,11.0,2,0
SR Taylor,17,17,415,626,66.29,24.41,38,2
SS Connell,6,6,10,30,33.33,1.67,0,0
SS Weerakkody,10,10,70,87,80.46,7.0,6,0
SW Bates,20,20,703,846,83.1,35.15,83,2
Sadaf Shamas,2,2,16,39,41.03,8.0,1,0
Sadia Iqbal,3,3,6,25,24.0,2.0,0,0
Sadia Yousuf,3,3,3,28,10.71,1.0,0,0
Salma Khatun,7,7,100,134,74.63,14.29,7,0
Sana Mir,5,5,161,291,55.33,32.2,17,0
Sanjida Akter Meghla,1,1,1,7,14.29,1.0,0,0
Shafali Verma,4,4,113,112,100.89,28.25,15,2
Shamima Sultana,5,5,106,190,55.79,21.2,11,0
Sharmin Akhter,13,13,402,663,60.63,30.92,43,1
Shorna Akter,6,6,94,119,78.99,15.67,6,3
Sidra Ameen,12,12,356,554,64.26,29.67,35,1
Sidra Nawaz,15,15,149,241,61.83,9.93,13,0
Sumaiya Akter,2,2,8,16,50.0,4.0,1,0
T Brits,13,13,282,375,75.2,21.69,36,4
T Chetty,12,12,194,260,74.62,16.17,13,0
TD Smartt,3,3,8,15,53.33,2.67,0,0
TM McGrath,8,8,147,174,84.48,18.38,16,1
TT Beaumont,26,26,1023,1286,79.55,39.35,117,4
Umaima Sohail,12,12,193,294,65.65,16.08,20,0
V Krishnamurthy,5,5,158,137,115.33,31.6,17,2
WGAKK Kulasuriya,1,1,17,31,54.84,17.0,3,0
WK Dilhari,5,5,42,50,84.0,8.4,5,1
YH Bhatia,6,6,203,274,74.09,33.83,17,0
